<?xml version="1.0" encoding="UTF-8" standalone="no"?>
<Configuration>
  <Components>
    <UniqueComponent dnOrder="0" id="cmsis"/>
    <UniqueComponent dnOrder="1" id="core">
      <Symbols dnOrder="0">
        <KeyValueSet dnOrder="0" id="COMPILER_CHOICE">
          <Values dnOrder="0">
            <Dynamic dnOrder="0" id="core" value="0"/>
          </Values>
        </KeyValueSet>
        <Boolean dnOrder="1" id="CONFIG_CLOCK_DFLL_ENABLE">
          <Values dnOrder="0">
            <Dynamic dnOrder="0" id="core" value="true"/>
          </Values>
        </Boolean>
        <Boolean dnOrder="2" id="CONFIG_CLOCK_OSC8M_ENABLE">
          <Values dnOrder="0">
            <Dynamic dnOrder="0" id="core" value="false"/>
          </Values>
        </Boolean>
        <Integer dnOrder="3" id="CPU_CLOCK_FREQUENCY">
          <Values dnOrder="0">
            <Dynamic dnOrder="0" id="core" value="48000000"/>
          </Values>
        </Integer>
        <Menu dnOrder="4" id="CoreIARMenu">
          <Attributes dnOrder="0">
            <Boolean dnOrder="0" id="visible">
              <Value dnOrder="0">false</Value>
            </Boolean>
          </Attributes>
        </Menu>
        <String dnOrder="5" id="CoreMainFileName">
          <Values dnOrder="0">
            <User dnOrder="0" value="main_samd21_cnano"/>
          </Values>
        </String>
        <KeyValueSet dnOrder="6" id="DEVICE_BOD33_ACTION">
          <Values dnOrder="0">
            <Dynamic dnOrder="0" id="core" value="1"/>
          </Values>
        </KeyValueSet>
        <KeyValueSet dnOrder="7" id="DEVICE_BOD33_EN">
          <Values dnOrder="0">
            <Dynamic dnOrder="0" id="core" value="1"/>
          </Values>
        </KeyValueSet>
        <KeyValueSet dnOrder="8" id="DEVICE_BOD33_HYST">
          <Values dnOrder="0">
            <Dynamic dnOrder="0" id="core" value="0"/>
          </Values>
        </KeyValueSet>
        <KeyValueSet dnOrder="9" id="DEVICE_SECURITY">
          <Values dnOrder="0">
            <Dynamic dnOrder="0" id="core" value="0"/>
          </Values>
        </KeyValueSet>
        <KeyValueSet dnOrder="10" id="DEVICE_WDT_ALWAYSON">
          <Values dnOrder="0">
            <Dynamic dnOrder="0" id="core" value="0"/>
          </Values>
        </KeyValueSet>
        <KeyValueSet dnOrder="11" id="DEVICE_WDT_ENABLE">
          <Values dnOrder="0">
            <Dynamic dnOrder="0" id="core" value="0"/>
          </Values>
        </KeyValueSet>
        <KeyValueSet dnOrder="12" id="DEVICE_WDT_WEN">
          <Values dnOrder="0">
            <Dynamic dnOrder="0" id="core" value="0"/>
          </Values>
        </KeyValueSet>
        <KeyValueSet dnOrder="13" id="DEVICE_WDT_WINDOW_0">
          <Values dnOrder="0">
            <Dynamic dnOrder="0" id="core" value="1"/>
          </Values>
        </KeyValueSet>
        <Hex dnOrder="14" id="DEVICE_WDT_WINDOW_1">
          <Values dnOrder="0">
            <Dynamic dnOrder="0" id="core" value="4"/>
          </Values>
        </Hex>
        <Integer dnOrder="15" id="DFLL_CLOCK_FREQ">
          <Values dnOrder="0">
            <Dynamic dnOrder="0" id="core" value="48000000"/>
          </Values>
        </Integer>
        <KeyValueSet dnOrder="16" id="DMAC_BTCTRL_BEATSIZE_CH_0">
          <Values dnOrder="0">
            <Dynamic dnOrder="0" id="core" value="0"/>
          </Values>
        </KeyValueSet>
        <KeyValueSet dnOrder="17" id="DMAC_BTCTRL_DSTINC_CH_0">
          <Values dnOrder="0">
            <Dynamic dnOrder="0" id="core" value="0"/>
          </Values>
        </KeyValueSet>
        <KeyValueSet dnOrder="18" id="DMAC_BTCTRL_SRCINC_CH_0">
          <Values dnOrder="0">
            <Dynamic dnOrder="0" id="core" value="1"/>
          </Values>
        </KeyValueSet>
        <KeyValueSet dnOrder="19" id="DMAC_CHCTRLB_TRIGACT_CH_0">
          <Values dnOrder="0">
            <Dynamic dnOrder="0" id="core" value="1"/>
          </Values>
        </KeyValueSet>
        <Combo dnOrder="20" id="DMAC_CHCTRLB_TRIGSRC_CH_0">
          <Values dnOrder="0">
            <User dnOrder="0" value="SERCOM5_Transmit"/>
          </Values>
        </Combo>
        <Integer dnOrder="21" id="DMAC_CHCTRLB_TRIGSRC_CH_0_PERID_VAL">
          <Values dnOrder="0">
            <Dynamic dnOrder="0" id="core" value="12"/>
          </Values>
        </Integer>
        <Boolean dnOrder="22" id="DMAC_ENABLE_CH_0">
          <Values dnOrder="0">
            <User dnOrder="0" value="true"/>
          </Values>
        </Boolean>
        <File dnOrder="23" id="DMAC_HEADER">
          <Attributes dnOrder="0">
            <Boolean dnOrder="0" id="enabled">
              <Value dnOrder="0">true</Value>
            </Boolean>
          </Attributes>
        </File>
        <Integer dnOrder="24" id="DMAC_HIGHEST_CHANNEL">
          <Values dnOrder="0">
            <Dynamic dnOrder="0" id="core" value="1"/>
          </Values>
        </Integer>
        <Boolean dnOrder="25" id="DMAC_INTERRUPT_ENABLE">
          <Values dnOrder="0">
            <Dynamic dnOrder="0" id="core" value="true"/>
          </Values>
        </Boolean>
        <Comment dnOrder="26" id="DMAC_INTERRUPT_ENABLE_COMMENT">
          <Attributes dnOrder="0">
            <Boolean dnOrder="0" id="visible">
              <Value dnOrder="0">false</Value>
            </Boolean>
          </Attributes>
        </Comment>
        <Boolean dnOrder="27" id="DMAC_INTERRUPT_ENABLE_UPDATE">
          <Values dnOrder="0">
            <Dynamic dnOrder="0" id="core" value="false"/>
          </Values>
        </Boolean>
        <String dnOrder="28" id="DMAC_INTERRUPT_HANDLER">
          <Values dnOrder="0">
            <Dynamic dnOrder="0" id="core" value="DMAC_InterruptHandler"/>
          </Values>
        </String>
        <Boolean dnOrder="29" id="DMAC_INTERRUPT_HANDLER_LOCK">
          <Values dnOrder="0">
            <Dynamic dnOrder="0" id="core" value="true"/>
          </Values>
        </Boolean>
        <File dnOrder="30" id="DMAC_SOURCE">
          <Attributes dnOrder="0">
            <Boolean dnOrder="0" id="enabled">
              <Value dnOrder="0">true</Value>
            </Boolean>
          </Attributes>
        </File>
        <File dnOrder="31" id="DMAC_SYS_DEF">
          <Attributes dnOrder="0">
            <Boolean dnOrder="0" id="enabled">
              <Value dnOrder="0">true</Value>
            </Boolean>
          </Attributes>
        </File>
        <File dnOrder="32" id="DMAC_SYS_INIT">
          <Attributes dnOrder="0">
            <Boolean dnOrder="0" id="enabled">
              <Value dnOrder="0">true</Value>
            </Boolean>
          </Attributes>
        </File>
        <Boolean dnOrder="33" id="DMA_ENABLE">
          <Values dnOrder="0">
            <Dynamic dnOrder="0" id="core" value="true"/>
          </Values>
        </Boolean>
        <Integer dnOrder="34" id="DPLL_CLOCK_FREQ">
          <Values dnOrder="0">
            <Dynamic dnOrder="0" id="core" value="0"/>
          </Values>
        </Integer>
        <Boolean dnOrder="35" id="EIC_CLOCK_ENABLE">
          <Values dnOrder="0">
            <Dynamic dnOrder="0" id="eic" value="true"/>
          </Values>
        </Boolean>
        <Integer dnOrder="36" id="EIC_CLOCK_FREQUENCY">
          <Values dnOrder="0">
            <Dynamic dnOrder="0" id="core" value="1024"/>
          </Values>
        </Integer>
        <Boolean dnOrder="37" id="EIC_INTERRUPT_ENABLE">
          <Values dnOrder="0">
            <Dynamic dnOrder="0" id="eic" value="true"/>
          </Values>
        </Boolean>
        <Boolean dnOrder="38" id="EIC_INTERRUPT_ENABLE_UPDATE">
          <Values dnOrder="0">
            <Dynamic dnOrder="0" id="core" value="false"/>
          </Values>
        </Boolean>
        <String dnOrder="39" id="EIC_INTERRUPT_HANDLER">
          <Values dnOrder="0">
            <Dynamic dnOrder="0" id="eic" value="EIC_InterruptHandler"/>
          </Values>
        </String>
        <Boolean dnOrder="40" id="EIC_INTERRUPT_HANDLER_LOCK">
          <Values dnOrder="0">
            <Dynamic dnOrder="0" id="eic" value="true"/>
          </Values>
        </Boolean>
        <Integer dnOrder="41" id="GCLK_0_FREQ">
          <Values dnOrder="0">
            <Dynamic dnOrder="0" id="core" value="48000000"/>
          </Values>
        </Integer>
        <KeyValueSet dnOrder="42" id="GCLK_0_SRC">
          <Values dnOrder="0">
            <Dynamic dnOrder="0" id="core" value="7"/>
          </Values>
        </KeyValueSet>
        <Integer dnOrder="43" id="GCLK_1_DIV">
          <Values dnOrder="0">
            <User dnOrder="0" value="32"/>
          </Values>
        </Integer>
        <Integer dnOrder="44" id="GCLK_1_DIVIDER_VALUE">
          <Values dnOrder="0">
            <Dynamic dnOrder="0" id="core" value="32"/>
          </Values>
        </Integer>
        <Integer dnOrder="45" id="GCLK_1_FREQ">
          <Values dnOrder="0">
            <Dynamic dnOrder="0" id="core" value="1024"/>
          </Values>
        </Integer>
        <KeyValueSet dnOrder="46" id="GCLK_1_SRC">
          <Values dnOrder="0">
            <User dnOrder="0" value="2"/>
          </Values>
        </KeyValueSet>
        <Integer dnOrder="47" id="GCLK_2_FREQ">
          <Values dnOrder="0">
            <Dynamic dnOrder="0" id="core" value="0"/>
          </Values>
        </Integer>
        <Integer dnOrder="48" id="GCLK_3_FREQ">
          <Values dnOrder="0">
            <Dynamic dnOrder="0" id="core" value="0"/>
          </Values>
        </Integer>
        <Integer dnOrder="49" id="GCLK_4_FREQ">
          <Values dnOrder="0">
            <Dynamic dnOrder="0" id="core" value="0"/>
          </Values>
        </Integer>
        <Integer dnOrder="50" id="GCLK_5_FREQ">
          <Values dnOrder="0">
            <Dynamic dnOrder="0" id="core" value="0"/>
          </Values>
        </Integer>
        <Integer dnOrder="51" id="GCLK_6_FREQ">
          <Values dnOrder="0">
            <Dynamic dnOrder="0" id="core" value="0"/>
          </Values>
        </Integer>
        <Integer dnOrder="52" id="GCLK_7_FREQ">
          <Values dnOrder="0">
            <Dynamic dnOrder="0" id="core" value="0"/>
          </Values>
        </Integer>
        <Integer dnOrder="53" id="GCLK_8_FREQ">
          <Values dnOrder="0">
            <Dynamic dnOrder="0" id="core" value="0"/>
          </Values>
        </Integer>
        <ListEntry dnOrder="54" id="GCLK_CODE">
          <Attributes dnOrder="0">
            <StringArray dnOrder="0" id="values">
              <Values dnOrder="0">
                <Value dnOrder="0">&amp;#160;&amp;#160;&amp;#160;&amp;#160;DFLL_Initialize();</Value>
                <Value dnOrder="1">&amp;#160;&amp;#160;&amp;#160;&amp;#160;GCLK1_Initialize();</Value>
                <Value dnOrder="2">&amp;#160;&amp;#160;&amp;#160;&amp;#160;GCLK0_Initialize();</Value>
              </Values>
            </StringArray>
          </Attributes>
        </ListEntry>
        <Boolean dnOrder="55" id="GCLK_CYCLE_FORMED">
          <Values dnOrder="0">
            <Dynamic dnOrder="0" id="core" value="false"/>
          </Values>
        </Boolean>
        <Boolean dnOrder="56" id="GCLK_ID_21_CHEN">
          <Values dnOrder="0">
            <Dynamic dnOrder="0" id="core" value="false"/>
          </Values>
        </Boolean>
        <Integer dnOrder="57" id="GCLK_ID_21_FREQ">
          <Values dnOrder="0">
            <Dynamic dnOrder="0" id="core" value="0"/>
          </Values>
        </Integer>
        <Boolean dnOrder="58" id="GCLK_ID_25_CHEN">
          <Values dnOrder="0">
            <Dynamic dnOrder="0" id="core" value="true"/>
          </Values>
        </Boolean>
        <Integer dnOrder="59" id="GCLK_ID_25_FREQ">
          <Values dnOrder="0">
            <Dynamic dnOrder="0" id="core" value="48000000"/>
          </Values>
        </Integer>
        <Boolean dnOrder="60" id="GCLK_ID_4_CHEN">
          <Values dnOrder="0">
            <Dynamic dnOrder="0" id="core" value="true"/>
          </Values>
        </Boolean>
        <Integer dnOrder="61" id="GCLK_ID_4_FREQ">
          <Values dnOrder="0">
            <Dynamic dnOrder="0" id="core" value="1024"/>
          </Values>
        </Integer>
        <KeyValueSet dnOrder="62" id="GCLK_ID_4_GENSEL">
          <Values dnOrder="0">
            <User dnOrder="0" value="1"/>
          </Values>
        </KeyValueSet>
        <Boolean dnOrder="63" id="GCLK_ID_5_CHEN">
          <Values dnOrder="0">
            <Dynamic dnOrder="0" id="core" value="true"/>
          </Values>
        </Boolean>
        <Integer dnOrder="64" id="GCLK_ID_5_FREQ">
          <Values dnOrder="0">
            <Dynamic dnOrder="0" id="core" value="1024"/>
          </Values>
        </Integer>
        <KeyValueSet dnOrder="65" id="GCLK_ID_5_GENSEL">
          <Values dnOrder="0">
            <User dnOrder="0" value="1"/>
          </Values>
        </KeyValueSet>
        <Boolean dnOrder="66" id="GCLK_INST_NUM1">
          <Values dnOrder="0">
            <User dnOrder="0" value="true"/>
          </Values>
        </Boolean>
        <Integer dnOrder="67" id="GCLK_IO_0_FREQ">
          <Values dnOrder="0">
            <Dynamic dnOrder="0" id="core" value="0"/>
          </Values>
        </Integer>
        <Integer dnOrder="68" id="GCLK_IO_1_FREQ">
          <Values dnOrder="0">
            <Dynamic dnOrder="0" id="core" value="0"/>
          </Values>
        </Integer>
        <Integer dnOrder="69" id="GCLK_IO_2_FREQ">
          <Values dnOrder="0">
            <Dynamic dnOrder="0" id="core" value="0"/>
          </Values>
        </Integer>
        <Integer dnOrder="70" id="GCLK_IO_3_FREQ">
          <Values dnOrder="0">
            <Dynamic dnOrder="0" id="core" value="0"/>
          </Values>
        </Integer>
        <Integer dnOrder="71" id="GCLK_IO_4_FREQ">
          <Values dnOrder="0">
            <Dynamic dnOrder="0" id="core" value="0"/>
          </Values>
        </Integer>
        <Integer dnOrder="72" id="GCLK_IO_5_FREQ">
          <Values dnOrder="0">
            <Dynamic dnOrder="0" id="core" value="0"/>
          </Values>
        </Integer>
        <Integer dnOrder="73" id="GCLK_IO_6_FREQ">
          <Values dnOrder="0">
            <Dynamic dnOrder="0" id="core" value="0"/>
          </Values>
        </Integer>
        <Integer dnOrder="74" id="GCLK_IO_7_FREQ">
          <Values dnOrder="0">
            <Dynamic dnOrder="0" id="core" value="0"/>
          </Values>
        </Integer>
        <File dnOrder="75" id="MAIN_C">
          <Attributes dnOrder="0">
            <String dnOrder="0" id="name">
              <Value dnOrder="0">main_samd21_cnano.c</Value>
            </String>
          </Attributes>
        </File>
        <Boolean dnOrder="76" id="NVIC_10_0_ENABLE">
          <Values dnOrder="0">
            <Dynamic dnOrder="0" id="core" value="false"/>
          </Values>
        </Boolean>
        <String dnOrder="77" id="NVIC_10_0_HANDLER">
          <Values dnOrder="0">
            <Dynamic dnOrder="0" id="core" value="SERCOM1_Handler"/>
          </Values>
        </String>
        <Boolean dnOrder="78" id="NVIC_10_0_HANDLER_LOCK">
          <Values dnOrder="0">
            <Dynamic dnOrder="0" id="core" value="false"/>
          </Values>
        </Boolean>
        <Boolean dnOrder="79" id="NVIC_14_0_ENABLE">
          <Values dnOrder="0">
            <Dynamic dnOrder="0" id="core" value="false"/>
          </Values>
        </Boolean>
        <String dnOrder="80" id="NVIC_14_0_HANDLER">
          <Values dnOrder="0">
            <Dynamic dnOrder="0" id="core" value="SERCOM5_Handler"/>
          </Values>
        </String>
        <Boolean dnOrder="81" id="NVIC_14_0_HANDLER_LOCK">
          <Values dnOrder="0">
            <Dynamic dnOrder="0" id="core" value="false"/>
          </Values>
        </Boolean>
        <Boolean dnOrder="82" id="NVIC_3_0_ENABLE">
          <Values dnOrder="0">
            <Dynamic dnOrder="0" id="core" value="true"/>
          </Values>
        </Boolean>
        <String dnOrder="83" id="NVIC_3_0_HANDLER">
          <Values dnOrder="0">
            <Dynamic dnOrder="0" id="core" value="RTC_InterruptHandler"/>
          </Values>
        </String>
        <Boolean dnOrder="84" id="NVIC_3_0_HANDLER_LOCK">
          <Values dnOrder="0">
            <Dynamic dnOrder="0" id="core" value="true"/>
          </Values>
        </Boolean>
        <Boolean dnOrder="85" id="NVIC_4_0_ENABLE">
          <Values dnOrder="0">
            <Dynamic dnOrder="0" id="core" value="true"/>
          </Values>
        </Boolean>
        <String dnOrder="86" id="NVIC_4_0_HANDLER">
          <Values dnOrder="0">
            <Dynamic dnOrder="0" id="core" value="EIC_InterruptHandler"/>
          </Values>
        </String>
        <Boolean dnOrder="87" id="NVIC_4_0_HANDLER_LOCK">
          <Values dnOrder="0">
            <Dynamic dnOrder="0" id="core" value="true"/>
          </Values>
        </Boolean>
        <Boolean dnOrder="88" id="NVIC_6_0_ENABLE">
          <Values dnOrder="0">
            <Dynamic dnOrder="0" id="core" value="true"/>
          </Values>
        </Boolean>
        <String dnOrder="89" id="NVIC_6_0_HANDLER">
          <Values dnOrder="0">
            <Dynamic dnOrder="0" id="core" value="DMAC_InterruptHandler"/>
          </Values>
        </String>
        <Boolean dnOrder="90" id="NVIC_6_0_HANDLER_LOCK">
          <Values dnOrder="0">
            <Dynamic dnOrder="0" id="core" value="true"/>
          </Values>
        </Boolean>
        <Integer dnOrder="91" id="OSC8M_CLOCK_FREQ">
          <Values dnOrder="0">
            <Dynamic dnOrder="0" id="core" value="0"/>
          </Values>
        </Integer>
        <String dnOrder="92" id="PIN_19_DIR">
          <Values dnOrder="0">
            <User dnOrder="0" value="Out"/>
          </Values>
        </String>
        <String dnOrder="93" id="PIN_19_FUNCTION_NAME">
          <Values dnOrder="0">
            <User dnOrder="0" value="LED0"/>
          </Values>
        </String>
        <String dnOrder="94" id="PIN_19_FUNCTION_TYPE">
          <Values dnOrder="0">
            <User dnOrder="0" value="GPIO"/>
          </Values>
        </String>
        <String dnOrder="95" id="PIN_19_INEN">
          <Values dnOrder="0">
            <User dnOrder="0" value=""/>
          </Values>
        </String>
        <String dnOrder="96" id="PIN_19_LAT">
          <Values dnOrder="0">
            <User dnOrder="0" value="High"/>
          </Values>
        </String>
        <String dnOrder="97" id="PIN_19_MODE">
          <Values dnOrder="0">
            <User dnOrder="0" value=""/>
          </Values>
        </String>
        <String dnOrder="98" id="PIN_19_PERIPHERAL_FUNCTION">
          <Values dnOrder="0">
            <User dnOrder="0" value="GPIO"/>
          </Values>
        </String>
        <String dnOrder="99" id="PIN_1_PERIPHERAL_FUNCTION">
          <Values dnOrder="0">
            <User dnOrder="0" value=""/>
          </Values>
        </String>
        <String dnOrder="100" id="PIN_20_DIR">
          <Values dnOrder="0">
            <User dnOrder="0" value=""/>
          </Values>
        </String>
        <String dnOrder="101" id="PIN_20_FUNCTION_NAME">
          <Values dnOrder="0">
            <User dnOrder="0" value="SW0"/>
          </Values>
        </String>
        <String dnOrder="102" id="PIN_20_FUNCTION_TYPE">
          <Values dnOrder="0">
            <User dnOrder="0" value="EIC_EXTINT11"/>
          </Values>
        </String>
        <String dnOrder="103" id="PIN_20_INEN">
          <Values dnOrder="0">
            <User dnOrder="0" value="True"/>
          </Values>
        </String>
        <String dnOrder="104" id="PIN_20_LAT">
          <Values dnOrder="0">
            <User dnOrder="0" value="High"/>
          </Values>
        </String>
        <String dnOrder="105" id="PIN_20_MODE">
          <Values dnOrder="0">
            <User dnOrder="0" value=""/>
          </Values>
        </String>
        <String dnOrder="106" id="PIN_20_PERIPHERAL_FUNCTION">
          <Values dnOrder="0">
            <User dnOrder="0" value="A"/>
          </Values>
        </String>
        <String dnOrder="107" id="PIN_20_PULLEN">
          <Values dnOrder="0">
            <User dnOrder="0" value="True"/>
          </Values>
        </String>
        <String dnOrder="108" id="PIN_31_FUNCTION_TYPE">
          <Values dnOrder="0">
            <User dnOrder="0" value="SERCOM5_PAD0"/>
          </Values>
        </String>
        <String dnOrder="109" id="PIN_31_MODE">
          <Values dnOrder="0">
            <User dnOrder="0" value=""/>
          </Values>
        </String>
        <String dnOrder="110" id="PIN_31_PERIPHERAL_FUNCTION">
          <Values dnOrder="0">
            <User dnOrder="0" value="D"/>
          </Values>
        </String>
        <String dnOrder="111" id="PIN_47_PERIPHERAL_FUNCTION">
          <Values dnOrder="0">
            <User dnOrder="0" value=""/>
          </Values>
        </String>
        <String dnOrder="112" id="PM_APBA_INITIAL_VALUE">
          <Values dnOrder="0">
            <Dynamic dnOrder="0" id="core" value="0x7f"/>
          </Values>
        </String>
        <String dnOrder="113" id="PM_APBC_INITIAL_VALUE">
          <Values dnOrder="0">
            <Dynamic dnOrder="0" id="core" value="0x10080"/>
          </Values>
        </String>
        <Boolean dnOrder="114" id="PORT_GROUP_0">
          <Values dnOrder="0">
            <Dynamic dnOrder="0" id="core" value="true"/>
          </Values>
        </Boolean>
        <String dnOrder="115" id="PORT_GROUP_0_DIR">
          <Values dnOrder="0">
            <Dynamic dnOrder="0" id="core" value="0x0"/>
          </Values>
        </String>
        <String dnOrder="116" id="PORT_GROUP_0_OUT">
          <Values dnOrder="0">
            <Dynamic dnOrder="0" id="core" value="0x0"/>
          </Values>
        </String>
        <String dnOrder="117" id="PORT_GROUP_0_PAD_0">
          <Values dnOrder="0">
            <Dynamic dnOrder="0" id="core" value="PA00"/>
          </Values>
        </String>
        <String dnOrder="118" id="PORT_GROUP_0_PINCFG0">
          <Values dnOrder="0">
            <Dynamic dnOrder="0" id="core" value="0x0"/>
          </Values>
        </String>
        <String dnOrder="119" id="PORT_GROUP_0_PINCFG22">
          <Values dnOrder="0">
            <Dynamic dnOrder="0" id="core" value="0x1"/>
          </Values>
        </String>
        <String dnOrder="120" id="PORT_GROUP_0_PMUX0">
          <Values dnOrder="0">
            <Dynamic dnOrder="0" id="core" value="0x0"/>
          </Values>
        </String>
        <String dnOrder="121" id="PORT_GROUP_0_PMUX11">
          <Values dnOrder="0">
            <Dynamic dnOrder="0" id="core" value="0x3"/>
          </Values>
        </String>
        <Boolean dnOrder="122" id="PORT_GROUP_1">
          <Values dnOrder="0">
            <Dynamic dnOrder="0" id="core" value="true"/>
          </Values>
        </Boolean>
        <String dnOrder="123" id="PORT_GROUP_1_DIR">
          <Values dnOrder="0">
            <Dynamic dnOrder="0" id="core" value="0x400"/>
          </Values>
        </String>
        <String dnOrder="124" id="PORT_GROUP_1_OUT">
          <Values dnOrder="0">
            <Dynamic dnOrder="0" id="core" value="0xc00"/>
          </Values>
        </String>
        <String dnOrder="125" id="PORT_GROUP_1_PAD_10">
          <Values dnOrder="0">
            <Dynamic dnOrder="0" id="core" value="PB10"/>
          </Values>
        </String>
        <String dnOrder="126" id="PORT_GROUP_1_PAD_11">
          <Values dnOrder="0">
            <Dynamic dnOrder="0" id="core" value="PB11"/>
          </Values>
        </String>
        <String dnOrder="127" id="PORT_GROUP_1_PAD_2">
          <Values dnOrder="0">
            <Dynamic dnOrder="0" id="core" value="PB02"/>
          </Values>
        </String>
        <String dnOrder="128" id="PORT_GROUP_1_PINCFG10">
          <Values dnOrder="0">
            <Dynamic dnOrder="0" id="core" value="0x0"/>
          </Values>
        </String>
        <String dnOrder="129" id="PORT_GROUP_1_PINCFG11">
          <Values dnOrder="0">
            <Dynamic dnOrder="0" id="core" value="0x7"/>
          </Values>
        </String>
        <String dnOrder="130" id="PORT_GROUP_1_PINCFG2">
          <Values dnOrder="0">
            <Dynamic dnOrder="0" id="core" value="0x0"/>
          </Values>
        </String>
        <String dnOrder="131" id="PORT_GROUP_1_PMUX1">
          <Values dnOrder="0">
            <Dynamic dnOrder="0" id="core" value="0x0"/>
          </Values>
        </String>
        <String dnOrder="132" id="PORT_GROUP_1_PMUX5">
          <Values dnOrder="0">
            <Dynamic dnOrder="0" id="core" value="0x0"/>
          </Values>
        </String>
        <Boolean dnOrder="133" id="RTC_CLOCK_ENABLE">
          <Values dnOrder="0">
            <Dynamic dnOrder="0" id="rtc" value="true"/>
          </Values>
        </Boolean>
        <Integer dnOrder="134" id="RTC_CLOCK_FREQUENCY">
          <Values dnOrder="0">
            <Dynamic dnOrder="0" id="core" value="1024"/>
          </Values>
        </Integer>
        <Boolean dnOrder="135" id="RTC_INTERRUPT_ENABLE">
          <Values dnOrder="0">
            <Dynamic dnOrder="0" id="rtc" value="true"/>
          </Values>
        </Boolean>
        <Boolean dnOrder="136" id="RTC_INTERRUPT_ENABLE_UPDATE">
          <Values dnOrder="0">
            <Dynamic dnOrder="0" id="core" value="false"/>
          </Values>
        </Boolean>
        <String dnOrder="137" id="RTC_INTERRUPT_HANDLER">
          <Values dnOrder="0">
            <Dynamic dnOrder="0" id="rtc" value="RTC_InterruptHandler"/>
          </Values>
        </String>
        <Boolean dnOrder="138" id="RTC_INTERRUPT_HANDLER_LOCK">
          <Values dnOrder="0">
            <Dynamic dnOrder="0" id="rtc" value="true"/>
          </Values>
        </Boolean>
        <Integer dnOrder="139" id="SERCOM1_CORE_CLOCK_FREQUENCY">
          <Values dnOrder="0">
            <Dynamic dnOrder="0" id="core" value="0"/>
          </Values>
        </Integer>
        <Boolean dnOrder="140" id="SERCOM1_INTERRUPT_ENABLE_UPDATE">
          <Values dnOrder="0">
            <Dynamic dnOrder="0" id="core" value="true"/>
          </Values>
        </Boolean>
        <Boolean dnOrder="141" id="SERCOM5_CORE_CLOCK_ENABLE">
          <Values dnOrder="0">
            <Dynamic dnOrder="0" id="sercom5" value="true"/>
          </Values>
        </Boolean>
        <Integer dnOrder="142" id="SERCOM5_CORE_CLOCK_FREQUENCY">
          <Values dnOrder="0">
            <Dynamic dnOrder="0" id="core" value="48000000"/>
          </Values>
        </Integer>
        <Boolean dnOrder="143" id="SERCOM5_INTERRUPT_ENABLE">
          <Values dnOrder="0">
            <Dynamic dnOrder="0" id="sercom5" value="false"/>
          </Values>
        </Boolean>
        <Boolean dnOrder="144" id="SERCOM5_INTERRUPT_ENABLE_UPDATE">
          <Values dnOrder="0">
            <Dynamic dnOrder="0" id="core" value="true"/>
          </Values>
        </Boolean>
        <String dnOrder="145" id="SERCOM5_INTERRUPT_HANDLER">
          <Values dnOrder="0">
            <Dynamic dnOrder="0" id="sercom5" value="SERCOM5_Handler"/>
          </Values>
        </String>
        <Boolean dnOrder="146" id="SERCOM5_INTERRUPT_HANDLER_LOCK">
          <Values dnOrder="0">
            <Dynamic dnOrder="0" id="sercom5" value="false"/>
          </Values>
        </Boolean>
        <String dnOrder="147" id="SYSTICK_PERIOD">
          <Values dnOrder="0">
            <Dynamic dnOrder="0" id="core" value="0xbb80"/>
          </Values>
        </String>
        <Integer dnOrder="148" id="SYSTICK_PERIOD_US">
          <Values dnOrder="0">
            <Dynamic dnOrder="0" id="core" value="1000"/>
          </Values>
        </Integer>
      </Symbols>
    </UniqueComponent>
    <UniqueComponent dnOrder="2" id="dfp"/>
    <UniqueComponent dnOrder="3" id="eic">
      <Symbols dnOrder="0">
        <Boolean dnOrder="0" id="EIC_CHAN_11">
          <Values dnOrder="0">
            <User dnOrder="0" value="true"/>
          </Values>
        </Boolean>
        <Boolean dnOrder="1" id="EIC_CONFIG_FILTEN_11">
          <Attributes dnOrder="0">
            <Boolean dnOrder="0" id="visible">
              <Value dnOrder="0">true</Value>
            </Boolean>
          </Attributes>
          <Values dnOrder="1">
            <User dnOrder="0" value="true"/>
          </Values>
        </Boolean>
        <KeyValueSet dnOrder="2" id="EIC_CONFIG_SENSE_11">
          <Values dnOrder="0">
            <User dnOrder="0" value="1"/>
          </Values>
        </KeyValueSet>
        <Hex dnOrder="3" id="EIC_EXTINTEO">
          <Values dnOrder="0">
            <Dynamic dnOrder="0" id="eic" value="0"/>
          </Values>
        </Hex>
        <Hex dnOrder="4" id="EIC_INT">
          <Values dnOrder="0">
            <Dynamic dnOrder="0" id="eic" value="2048"/>
          </Values>
        </Hex>
        <Boolean dnOrder="5" id="EIC_INT_11">
          <Values dnOrder="0">
            <User dnOrder="0" value="true"/>
          </Values>
        </Boolean>
        <Menu dnOrder="6" id="EIC_MENU11">
          <Attributes dnOrder="0">
            <Boolean dnOrder="0" id="visible">
              <Value dnOrder="0">true</Value>
            </Boolean>
          </Attributes>
        </Menu>
        <Hex dnOrder="7" id="EIC_WAKEUP">
          <Values dnOrder="0">
            <Dynamic dnOrder="0" id="eic" value="0"/>
          </Values>
        </Hex>
      </Symbols>
    </UniqueComponent>
    <UniqueComponent dnOrder="4" id="evsys">
      <Symbols dnOrder="0">
        <Boolean dnOrder="0" id="EVSYS_CHANNEL_0_GENERATOR_ACTIVE">
          <Values dnOrder="0">
            <Dynamic dnOrder="0" id="evsys" value="false"/>
          </Values>
        </Boolean>
        <Boolean dnOrder="1" id="EVSYS_CHANNEL_0_USER_READY">
          <Values dnOrder="0">
            <Dynamic dnOrder="0" id="evsys" value="false"/>
          </Values>
        </Boolean>
        <Boolean dnOrder="2" id="EVSYS_CHANNEL_10_GENERATOR_ACTIVE">
          <Values dnOrder="0">
            <Dynamic dnOrder="0" id="evsys" value="false"/>
          </Values>
        </Boolean>
        <Boolean dnOrder="3" id="EVSYS_CHANNEL_10_USER_READY">
          <Values dnOrder="0">
            <Dynamic dnOrder="0" id="evsys" value="false"/>
          </Values>
        </Boolean>
        <Boolean dnOrder="4" id="EVSYS_CHANNEL_11_GENERATOR_ACTIVE">
          <Values dnOrder="0">
            <Dynamic dnOrder="0" id="evsys" value="false"/>
          </Values>
        </Boolean>
        <Boolean dnOrder="5" id="EVSYS_CHANNEL_11_USER_READY">
          <Values dnOrder="0">
            <Dynamic dnOrder="0" id="evsys" value="false"/>
          </Values>
        </Boolean>
        <Boolean dnOrder="6" id="EVSYS_CHANNEL_1_GENERATOR_ACTIVE">
          <Values dnOrder="0">
            <Dynamic dnOrder="0" id="evsys" value="false"/>
          </Values>
        </Boolean>
        <Boolean dnOrder="7" id="EVSYS_CHANNEL_1_USER_READY">
          <Values dnOrder="0">
            <Dynamic dnOrder="0" id="evsys" value="false"/>
          </Values>
        </Boolean>
        <Boolean dnOrder="8" id="EVSYS_CHANNEL_2_GENERATOR_ACTIVE">
          <Values dnOrder="0">
            <Dynamic dnOrder="0" id="evsys" value="false"/>
          </Values>
        </Boolean>
        <Boolean dnOrder="9" id="EVSYS_CHANNEL_2_USER_READY">
          <Values dnOrder="0">
            <Dynamic dnOrder="0" id="evsys" value="false"/>
          </Values>
        </Boolean>
        <Boolean dnOrder="10" id="EVSYS_CHANNEL_3_GENERATOR_ACTIVE">
          <Values dnOrder="0">
            <Dynamic dnOrder="0" id="evsys" value="false"/>
          </Values>
        </Boolean>
        <Boolean dnOrder="11" id="EVSYS_CHANNEL_3_USER_READY">
          <Values dnOrder="0">
            <Dynamic dnOrder="0" id="evsys" value="false"/>
          </Values>
        </Boolean>
        <Boolean dnOrder="12" id="EVSYS_CHANNEL_4_GENERATOR_ACTIVE">
          <Values dnOrder="0">
            <Dynamic dnOrder="0" id="evsys" value="false"/>
          </Values>
        </Boolean>
        <Boolean dnOrder="13" id="EVSYS_CHANNEL_4_USER_READY">
          <Values dnOrder="0">
            <Dynamic dnOrder="0" id="evsys" value="false"/>
          </Values>
        </Boolean>
        <Boolean dnOrder="14" id="EVSYS_CHANNEL_5_GENERATOR_ACTIVE">
          <Values dnOrder="0">
            <Dynamic dnOrder="0" id="evsys" value="false"/>
          </Values>
        </Boolean>
        <Boolean dnOrder="15" id="EVSYS_CHANNEL_5_USER_READY">
          <Values dnOrder="0">
            <Dynamic dnOrder="0" id="evsys" value="false"/>
          </Values>
        </Boolean>
        <Boolean dnOrder="16" id="EVSYS_CHANNEL_6_GENERATOR_ACTIVE">
          <Values dnOrder="0">
            <Dynamic dnOrder="0" id="evsys" value="false"/>
          </Values>
        </Boolean>
        <Boolean dnOrder="17" id="EVSYS_CHANNEL_6_USER_READY">
          <Values dnOrder="0">
            <Dynamic dnOrder="0" id="evsys" value="false"/>
          </Values>
        </Boolean>
        <Boolean dnOrder="18" id="EVSYS_CHANNEL_7_GENERATOR_ACTIVE">
          <Values dnOrder="0">
            <Dynamic dnOrder="0" id="evsys" value="false"/>
          </Values>
        </Boolean>
        <Boolean dnOrder="19" id="EVSYS_CHANNEL_7_USER_READY">
          <Values dnOrder="0">
            <Dynamic dnOrder="0" id="evsys" value="false"/>
          </Values>
        </Boolean>
        <Boolean dnOrder="20" id="EVSYS_CHANNEL_8_GENERATOR_ACTIVE">
          <Values dnOrder="0">
            <Dynamic dnOrder="0" id="evsys" value="false"/>
          </Values>
        </Boolean>
        <Boolean dnOrder="21" id="EVSYS_CHANNEL_8_USER_READY">
          <Values dnOrder="0">
            <Dynamic dnOrder="0" id="evsys" value="false"/>
          </Values>
        </Boolean>
        <Boolean dnOrder="22" id="EVSYS_CHANNEL_9_GENERATOR_ACTIVE">
          <Values dnOrder="0">
            <Dynamic dnOrder="0" id="evsys" value="false"/>
          </Values>
        </Boolean>
        <Boolean dnOrder="23" id="EVSYS_CHANNEL_9_USER_READY">
          <Values dnOrder="0">
            <Dynamic dnOrder="0" id="evsys" value="false"/>
          </Values>
        </Boolean>
        <Boolean dnOrder="24" id="GENERATOR_DMAC_CH_0_ACTIVE">
          <Values dnOrder="0">
            <Dynamic dnOrder="0" id="core" value="false"/>
          </Values>
        </Boolean>
        <Boolean dnOrder="25" id="GENERATOR_EIC_EXTINT_11_ACTIVE">
          <Values dnOrder="0">
            <Dynamic dnOrder="0" id="eic" value="true"/>
          </Values>
        </Boolean>
        <Boolean dnOrder="26" id="USER_DMAC_CH_0_READY">
          <Values dnOrder="0">
            <Dynamic dnOrder="0" id="core" value="false"/>
          </Values>
        </Boolean>
      </Symbols>
    </UniqueComponent>
    <UniqueComponent dnOrder="5" id="nvmctrl">
      <Symbols dnOrder="0">
        <Integer dnOrder="0" id="NVM_RWS">
          <Values dnOrder="0">
            <Dynamic dnOrder="0" id="nvmctrl" value="1"/>
          </Values>
        </Integer>
      </Symbols>
    </UniqueComponent>
    <UniqueComponent dnOrder="6" id="rtc">
      <Symbols dnOrder="0">
        <Hex dnOrder="0" id="RTC_MODE0_INTENSET">
          <Values dnOrder="0">
            <Dynamic dnOrder="0" id="rtc" value="1"/>
          </Values>
        </Hex>
        <Boolean dnOrder="1" id="RTC_MODE0_INTENSET_CMP0_ENABLE">
          <Values dnOrder="0">
            <User dnOrder="0" value="true"/>
          </Values>
        </Boolean>
        <Boolean dnOrder="2" id="RTC_MODE0_MATCHCLR">
          <Values dnOrder="0">
            <User dnOrder="0" value="true"/>
          </Values>
        </Boolean>
        <Hex dnOrder="3" id="RTC_MODE0_TIMER_COMPARE">
          <Values dnOrder="0">
            <User dnOrder="0" value="512"/>
          </Values>
        </Hex>
      </Symbols>
    </UniqueComponent>
    <UniqueComponent dnOrder="7" id="sercom5">
      <Symbols dnOrder="0">
        <Integer dnOrder="0" id="I2CM_BAUD">
          <Values dnOrder="0">
            <Dynamic dnOrder="0" id="sercom5" value="59880"/>
          </Values>
        </Integer>
        <Integer dnOrder="1" id="SPI_BAUD_REG_VALUE">
          <Values dnOrder="0">
            <Dynamic dnOrder="0" id="sercom5" value="23"/>
          </Values>
        </Integer>
        <Integer dnOrder="2" id="USART_BAUD_VALUE">
          <Values dnOrder="0">
            <Dynamic dnOrder="0" id="sercom5" value="63019"/>
          </Values>
        </Integer>
        <Boolean dnOrder="3" id="USART_INTERRUPT_MODE">
          <Values dnOrder="0">
            <User dnOrder="0" value="false"/>
          </Values>
        </Boolean>
        <KeyValueSet dnOrder="4" id="USART_RXPO">
          <Values dnOrder="0">
            <User dnOrder="0" value="2"/>
          </Values>
        </KeyValueSet>
        <Boolean dnOrder="5" id="USART_RX_ENABLE">
          <Values dnOrder="0">
            <User dnOrder="0" value="false"/>
          </Values>
        </Boolean>
        <Integer dnOrder="6" id="USART_SAMPLE_COUNT">
          <Values dnOrder="0">
            <Dynamic dnOrder="0" id="sercom5" value="16"/>
          </Values>
        </Integer>
        <Integer dnOrder="7" id="USART_SAMPLE_RATE">
          <Values dnOrder="0">
            <Dynamic dnOrder="0" id="sercom5" value="0"/>
          </Values>
        </Integer>
      </Symbols>
    </UniqueComponent>
  </Components>
  <UserData>
    <ComponentGraph dnOrder="0" id="__ROOTVIEW">
      <ElementPositions dnOrder="0">
        <ElementPosition dnOrder="0" id="cmsis" x="330" y="60"/>
        <ElementPosition dnOrder="1" id="core" x="560" y="20"/>
        <ElementPosition dnOrder="2" id="dfp" x="340" y="20"/>
        <ElementPosition dnOrder="3" id="eic" x="170" y="80"/>
        <ElementPosition dnOrder="4" id="evsys" x="180" y="20"/>
        <ElementPosition dnOrder="5" id="nvmctrl" x="20" y="20"/>
        <ElementPosition dnOrder="6" id="rtc" x="470" y="60"/>
        <ElementPosition dnOrder="7" id="sercom5" x="29" y="115"/>
      </ElementPositions>
    </ComponentGraph>
    <GraphSettings canvasHeight="400" canvasWidth="400" dnOrder="1"/>
  </UserData>
</Configuration>
